,Unnamed: 0,src_ip,subnet,active_days,asn,country,city,scan_length_seconds,median_time_diff,distinct_src_ports,distinct_dest_ports,q1_prev_ip,median_prev_ip,q3_prev_ip,distinct_ips,total_hits,probes_per_ip,distinct_fingerprints,distinct_payloads,avg_payload_length,q1q3_delta,top_port,top_fingerprint,generation_algorithm,top_start_hour,top_end_hour,label
131178,131183,765231369.0,765231360.0,20,211680.0,PT,,80515.2,100.0,4683.9,105.0,-17977194.05,10.95,17978786.8,4861.0,5325.55,1.0939811604007703,1.1,1.0,0.0,1592.75,2222.0,11.0,5.0,0.0,23.0,380
131179,131184,765231370.0,765231360.0,20,211680.0,PT,,80791.85,250.0,4497.75,105.0,-16186398.0,88.05,17977683.55,4663.5,4850.05,1.039035736616594,1.3,1.0,0.0,1791285.55,5357.0,11.0,5.0,0.0,23.0,380
131180,131185,765231371.0,765231360.0,20,211680.0,PT,,77258.0,100.0,4767.6,105.0,-17977199.25,68.6,17976894.35,4955.45,5479.35,1.0954496334144506,1.15,1.0,0.0,-304.9,4042.0,11.0,5.0,0.0,23.0,380
