,Unnamed: 0,src_ip,subnet,active_days,asn,country,city,scan_length_seconds,median_time_diff,distinct_src_ports,distinct_dest_ports,q1_prev_ip,median_prev_ip,q3_prev_ip,distinct_ips,total_hits,probes_per_ip,distinct_fingerprints,distinct_payloads,avg_payload_length,q1q3_delta,top_port,top_fingerprint,generation_algorithm,top_start_hour,top_end_hour,label
664991,665028,2754871389.0,2754871296.0,18,63199.0,JP,Tokyo,74951.83333333333,0.0,17872.277777777777,1.0,0.0,0.0,0.0,10025.5,31786.33333333333,3.1470897032840237,1.0555555555555556,1.0,0.0,0.0,443.0,1.0,4.0,0.0,23.0,477
664992,665029,2754871390.0,2754871296.0,14,63199.0,JP,Tokyo,75263.28571428571,0.0,17180.714285714286,1.0,0.0,0.0,0.0,9361.714285714286,27899.85714285714,2.980678756529658,1.0,1.0,0.0,0.0,80.0,1.0,4.0,0.0,23.0,477
664993,665030,2754880724.0,2754880512.0,16,63199.0,JP,,86172.9375,0.0,19816.8125,1.1875,0.0,0.0,0.0,11514.5625,36380.875,3.1587840603942503,1.0,1.0,0.0,0.0,81.0,1.0,4.0,0.0,23.0,477
