,Unnamed: 0,src_ip,subnet,active_days,asn,country,city,scan_length_seconds,median_time_diff,distinct_src_ports,distinct_dest_ports,q1_prev_ip,median_prev_ip,q3_prev_ip,distinct_ips,total_hits,probes_per_ip,distinct_fingerprints,distinct_payloads,avg_payload_length,q1q3_delta,top_port,top_fingerprint,generation_algorithm,top_start_hour,top_end_hour,label
775358,775401,3109973761.0,3109973760.0,13,51115.0,RU,,25680.46153846154,0.0,27369.0,3.4615384615384617,-26603.615384615383,1095.7692307692307,34039.61538461538,60036.0,169366.07692307694,2.776972188100091,1.5384615384615383,1.0,0.0,7436.0,4786.0,1.0,6.0,0.0,23.0,918
781384,781427,3117958916.0,3117958912.0,16,49581.0,NL,,45647.5,0.0,26568.25,6.8125,-1153838.3125,622.75,1158822.0,58771.6875,314125.5,5.05246320257884,1.0,1.0,0.0,4983.6875,443.0,1.0,6.0,0.0,23.0,918
781403,781446,3118006453.0,3118006272.0,10,42237.0,SE,Stockholm,58409.7,0.0,26563.2,2.5,-12596926.4,789.9,14395938.9,58298.4,115851.3,1.9394543322281887,1.0,1.0,0.0,1799012.5,80.0,1.0,5.0,0.0,23.0,918
