,Unnamed: 0,src_ip,subnet,active_days,asn,country,city,scan_length_seconds,median_time_diff,distinct_src_ports,distinct_dest_ports,q1_prev_ip,median_prev_ip,q3_prev_ip,distinct_ips,total_hits,probes_per_ip,distinct_fingerprints,distinct_payloads,avg_payload_length,q1q3_delta,top_port,top_fingerprint,generation_algorithm,top_start_hour,top_end_hour,label
297491,297507,1587300158.0,1587300096.0,11,394711.0,BG,,953.6363636363636,0.0,2.1818181818181817,1.0,-10103.09090909091,-1.7727272727272727,10079.181818181818,29753.81818181818,29753.81818181818,1.0,1.3636363636363635,1.0,0.0,-23.90909090909091,5432.0,11.0,5.0,10.0,10.0,3561
297492,297508,1587300159.0,1587300096.0,11,394711.0,BG,,12967.727272727272,0.0,2.363636363636364,1.0,-11217.272727272728,-2.6818181818181817,11204.545454545454,28366.81818181818,28366.81818181818,1.0,1.7272727272727273,1.0,0.0,-12.727272727272728,5432.0,11.0,5.0,3.0,13.0,3561
