,Unnamed: 0,src_ip,subnet,active_days,asn,country,city,scan_length_seconds,median_time_diff,distinct_src_ports,distinct_dest_ports,q1_prev_ip,median_prev_ip,q3_prev_ip,distinct_ips,total_hits,probes_per_ip,distinct_fingerprints,distinct_payloads,avg_payload_length,q1q3_delta,top_port,top_fingerprint,generation_algorithm,top_start_hour,top_end_hour,label
874542,874587,3638218342.0,3638218240.0,20,6939.0,US,Cazadero,66455.7,0.0,10502.2,42.75,-17978323.0,-12.3,17977887.1,11877.6,13180.4,1.108268239029914,1.0,1.4,1.3121606220734092,-435.9,80.0,1.0,5.0,1.0,19.0,581
874545,874590,3638218345.0,3638218240.0,20,6939.0,US,Cazadero,66774.95,0.0,10568.0,43.95,-17978123.1,-37.525,17978462.5,11988.55,13313.55,1.1082918591166524,1.0,1.2,0.5768028190088003,339.4,80.0,1.0,5.0,1.0,19.0,581
874553,874598,3638218353.0,3638218240.0,20,6939.0,US,Cazadero,66756.95,0.0,10533.5,43.55,-17978347.25,80.775,17978544.75,11912.3,13223.0,1.1088597054021552,1.0,1.35,1.0331707219400248,197.5,80.0,1.0,5.0,1.0,19.0,581
874560,874605,3638218360.0,3638218240.0,20,6939.0,US,Cazadero,66687.15,0.0,10522.05,43.5,-17082075.0,-6.85,17977780.85,11895.9,13221.9,1.109641448165059,1.0,1.55,1.273748954885723,895705.85,80.0,1.0,5.0,1.0,19.0,581
