,Unnamed: 0,src_ip,subnet,active_days,asn,country,city,scan_length_seconds,median_time_diff,distinct_src_ports,distinct_dest_ports,q1_prev_ip,median_prev_ip,q3_prev_ip,distinct_ips,total_hits,probes_per_ip,distinct_fingerprints,distinct_payloads,avg_payload_length,q1q3_delta,top_port,top_fingerprint,generation_algorithm,top_start_hour,top_end_hour,label
847504,847548,3337296104.0,3337295872.0,20,396982.0,US,,85636.1,0.0,310.25,174.55,-17979440.65,25.875,17979000.95,34119.6,51651.55,1.517202649097929,2.2,1.0,0.0,-439.7,3389.0,1.0,5.0,0.0,23.0,2930
847510,847554,3337296110.0,3337295872.0,20,396982.0,US,,85672.35,0.0,308.55,174.05,-17979760.6,-99.1,17979989.1,33770.05,51370.25,1.524050120740887,2.25,1.0,0.0,228.5,3389.0,1.0,5.0,0.0,23.0,2930
847517,847561,3337296117.0,3337295872.0,20,396982.0,US,,85651.7,0.0,304.4,171.4,-17979821.0,-14.925,17979386.75,34007.8,50610.35,1.4940899851603835,2.2,1.0,0.0,-434.25,3389.0,1.0,5.0,0.0,23.0,2930
