,Unnamed: 0,src_ip,subnet,active_days,asn,country,city,scan_length_seconds,median_time_diff,distinct_src_ports,distinct_dest_ports,q1_prev_ip,median_prev_ip,q3_prev_ip,distinct_ips,total_hits,probes_per_ip,distinct_fingerprints,distinct_payloads,avg_payload_length,q1q3_delta,top_port,top_fingerprint,generation_algorithm,top_start_hour,top_end_hour,label
280208,280223,1532817653.0,1532817408.0,13,394711.0,BG,,16759.076923076922,0.0,6.384615384615385,4.846153846153846,-10691.153846153846,0.9230769230769232,10729.692307692309,26516.76923076923,145697.23076923078,5.217356777536186,2.4615384615384617,1.0,0.0,38.53846153846154,27018.0,11.0,5.0,3.0,23.0,3008
280285,280300,1532820589.0,1532820480.0,18,394711.0,BG,,33345.61111111111,0.0,4.444444444444445,1.0,-9071.833333333334,-9.47222222222222,9164.444444444443,36407.66666666666,46169.833333333336,1.327304461655653,2.0,1.0,0.0,92.61111111111111,27017.0,11.0,5.0,0.0,22.0,3008
297470,297486,1587300114.0,1587300096.0,14,394711.0,BG,,24318.571428571428,0.0,4.857142857142857,1.0,-10187.5,-11.821428571428571,10203.57142857143,27259.714285714286,35641.57142857143,1.4562247367181054,1.8571428571428568,1.0,0.0,16.071428571428573,27017.0,11.0,5.0,5.0,17.0,3008
297494,297510,1587300163.0,1587300096.0,15,394711.0,BG,,14384.733333333334,0.0,3.333333333333333,1.0,-7808.2,8.166666666666666,7879.066666666667,27366.2,34552.26666666667,1.2788441635940444,1.6,1.0,0.0,70.86666666666666,27017.0,11.0,5.0,1.0,5.0,3008
