,Unnamed: 0,src_ip,subnet,active_days,asn,country,city,scan_length_seconds,median_time_diff,distinct_src_ports,distinct_dest_ports,q1_prev_ip,median_prev_ip,q3_prev_ip,distinct_ips,total_hits,probes_per_ip,distinct_fingerprints,distinct_payloads,avg_payload_length,q1q3_delta,top_port,top_fingerprint,generation_algorithm,top_start_hour,top_end_hour,label
663132,663169,2727247188.0,2727247104.0,20,398324.0,US,,86385.85,0.0,58826.4,194.0,-17979646.3,-205.95,17979410.75,57010.8,165179.95,2.8972440564985606,1.0,1.0,0.0,-235.55,8888.0,11.0,5.0,0.0,23.0,41
663133,663170,2727247189.0,2727247104.0,20,398324.0,US,,86385.65,0.0,58837.7,194.0,-17980265.05,-254.075,17980330.9,57032.7,165068.65,2.894068971245053,1.0,1.0,0.0,65.85,8085.0,11.0,5.0,0.0,23.0,41
663134,663171,2727247190.0,2727247104.0,20,398324.0,US,,86385.85,0.0,58864.1,194.0,-17979743.9,117.625,17979694.75,57023.15,165278.45,2.8980430280536504,1.0,1.0,0.0,-49.15,10443.0,11.0,5.0,0.0,23.0,41
