,Unnamed: 0,src_ip,subnet,active_days,asn,country,city,scan_length_seconds,median_time_diff,distinct_src_ports,distinct_dest_ports,q1_prev_ip,median_prev_ip,q3_prev_ip,distinct_ips,total_hits,probes_per_ip,distinct_fingerprints,distinct_payloads,avg_payload_length,q1q3_delta,top_port,top_fingerprint,generation_algorithm,top_start_hour,top_end_hour,label
222158,222166,1093730675.0,1093730560.0,20,6939.0,US,,66715.75,0.0,11023.75,45.25,-17082271.25,40.55,17081370.8,12566.4,14731.7,1.1713548646229346,1.0,1.4,1.0011965920600427,-900.45,80.0,1.0,5.0,1.0,19.0,591
222182,222190,1093735508.0,1093735424.0,20,6939.0,US,,65904.1,0.0,10243.95,42.85,-17083018.75,-5.975,17083303.8,11561.55,12801.65,1.1049385958255955,1.0,1.3,0.9160812731018756,285.05,80.0,1.0,5.0,1.0,19.0,591
222197,222205,1093735523.0,1093735424.0,20,6939.0,US,,65554.6,0.0,10543.05,43.85,-17978416.8,74.225,17978453.95,11952.65,13975.9,1.164242878441748,1.0,1.35,1.0450317947674208,37.15,80.0,1.0,5.0,1.0,19.0,591
222202,222210,1093735528.0,1093735424.0,20,6939.0,US,,65850.05,0.0,10738.3,43.65,-17081038.1,87.925,17080842.65,12168.05,13549.15,1.1123982382375883,1.0,1.5,1.4674017048869463,-195.45,80.0,1.0,5.0,1.0,19.0,591
222214,222222,1093735540.0,1093735424.0,20,6939.0,US,,65865.45,0.0,10714.45,44.2,-17977464.7,12.925,17978277.7,12155.45,13525.5,1.1113277496406102,1.0,1.35,0.9187116116901524,813.0,389.0,1.0,5.0,1.0,19.0,591
222218,222226,1093735544.0,1093735424.0,20,6939.0,US,,66136.6,0.0,10625.45,44.5,-17976282.35,40.55,17976564.75,12041.45,13385.85,1.1101184559039914,1.0,1.3,0.7643515116592126,282.4,80.0,1.0,5.0,1.0,19.0,591
