,Unnamed: 0,src_ip,subnet,active_days,asn,country,city,scan_length_seconds,median_time_diff,distinct_src_ports,distinct_dest_ports,q1_prev_ip,median_prev_ip,q3_prev_ip,distinct_ips,total_hits,probes_per_ip,distinct_fingerprints,distinct_payloads,avg_payload_length,q1q3_delta,top_port,top_fingerprint,generation_algorithm,top_start_hour,top_end_hour,label
259406,259419,1426818585.0,1426818560.0,9,207144.0,BG,Sofia,72974.33333333333,1476555.5555555555,35.666666666666664,1.0,-12015897.888888888,-2217.1111111111118,16007139.111111112,35.666666666666664,35.666666666666664,1.0,1.0,1.0,0.0,3991241.222222222,2323.0,10.0,5.0,0.0,23.0,5703
293727,293743,1568352167.0,1568352000.0,9,216289.0,BG,,72568.22222222222,55.55555555555556,2.6666666666666665,2.6666666666666665,-19704.33333333333,5.333333333333333,21072.222222222223,57769.11111111111,123555.22222222222,2.0507154224712822,2.6666666666666665,1.0,0.0,1367.888888888889,1001.0,11.0,5.0,0.0,23.0,5703
293729,293745,1568352227.0,1568352000.0,8,216289.0,BG,,75008.25,11250.0,2.5,1.0,-17983968.0,71.25,17984007.625,5555.875,5556.25,1.0001044277360067,1.375,1.0,0.0,39.625,3389.0,11.0,5.0,0.0,23.0,5703
293740,293756,1568363799.0,1568363776.0,10,216240.0,BG,,75738.7,151300.0,2.1,1.0,-3194.9,0.0,3269.0,71.1,167.4,2.373441144336072,1.0,1.0,0.0,74.1,2323.0,10.0,4.0,0.0,23.0,5703
297376,297392,1587283970.0,1587283968.0,9,216289.0,BG,,85410.11111111111,555.5555555555555,2.888888888888889,16.0,-15089.111111111111,-7.888888888888889,15122.666666666666,35346.22222222222,135898.11111111112,3.647965102584163,2.6666666666666665,1.0,0.0,33.55555555555556,4145.0,11.0,5.0,0.0,23.0,5703
