,Unnamed: 0,src_ip,subnet,active_days,asn,country,city,scan_length_seconds,median_time_diff,distinct_src_ports,distinct_dest_ports,q1_prev_ip,median_prev_ip,q3_prev_ip,distinct_ips,total_hits,probes_per_ip,distinct_fingerprints,distinct_payloads,avg_payload_length,q1q3_delta,top_port,top_fingerprint,generation_algorithm,top_start_hour,top_end_hour,label
778859,778902,3115617381.0,3115617280.0,13,211680.0,PT,,59116.0,0.0,6650.615384615385,5.153846153846154,-5563950.769230769,16.923076923076923,8318388.692307692,7283.615384615385,7850.615384615385,1.0511383869628648,1.1538461538461535,1.0,0.0,2754437.923076923,443.0,11.0,5.0,0.0,23.0,124
778860,778903,3115617382.0,3115617280.0,13,211680.0,PT,,55995.769230769234,76.92307692307692,6116.153846153846,5.153846153846154,-8321103.076923077,3.1153846153846154,6942537.076923077,6667.923076923077,7165.153846153846,1.0533525867870277,1.1538461538461535,1.0,0.0,-1378566.0,443.0,11.0,5.0,0.0,23.0,124
778864,778907,3115617386.0,3115617280.0,13,211680.0,PT,,58659.0,76.92307692307692,7002.0,5.153846153846154,-9701280.307692308,-4.615384615384615,8322055.384615385,7672.384615384615,8297.153846153846,1.0660075910201017,1.2307692307692308,1.0,0.0,-1379224.923076923,443.0,11.0,5.0,0.0,23.0,124
778865,778908,3115617387.0,3115617280.0,13,211680.0,PT,,58550.46153846154,0.0,6108.538461538462,5.153846153846154,-8315615.076923077,2.8461538461538463,8317860.384615385,6689.538461538462,7232.615384615385,1.074882287042814,1.0769230769230769,1.0,0.0,2245.3076923076924,443.0,11.0,5.0,0.0,23.0,124
