,Unnamed: 0,src_ip,subnet,active_days,asn,country,city,scan_length_seconds,median_time_diff,distinct_src_ports,distinct_dest_ports,q1_prev_ip,median_prev_ip,q3_prev_ip,distinct_ips,total_hits,probes_per_ip,distinct_fingerprints,distinct_payloads,avg_payload_length,q1q3_delta,top_port,top_fingerprint,generation_algorithm,top_start_hour,top_end_hour,label
336438,336456,1740357603.0,1740357376.0,3,0.0,IN,,64346.66666666666,0.0,28196.0,119.33333333333331,-17980162.0,-64.66666666666667,17980194.666666668,61650.333333333336,228754.0,3.637696304845551,1.0,1.0,0.0,32.666666666666664,802.0,1.0,5.0,0.0,23.0,2800
336439,336457,1740357604.0,1740357376.0,3,0.0,IN,,64347.0,0.0,28203.0,122.33333333333331,-17979945.666666668,-211.83333333333331,17980305.666666668,62143.0,231235.3333333333,3.646128415969194,1.0,1.0,0.0,360.0,587.0,1.0,5.0,0.0,23.0,2800
336440,336458,1740357605.0,1740357376.0,3,0.0,IN,,64346.333333333336,0.0,28197.33333333333,119.33333333333331,-17978854.0,121.16666666666669,17978728.333333332,61873.333333333336,226709.0,3.598175943615095,1.0,1.0,0.0,-125.66666666666669,7473.0,1.0,5.0,0.0,23.0,2800
336441,336459,1740357606.0,1740357376.0,3,0.0,IN,,64266.0,0.0,28198.33333333333,117.33333333333331,-17980997.666666668,-158.16666666666666,17981275.333333332,62924.0,225702.66666666663,3.514921043291532,1.0,1.0,0.0,277.6666666666667,749.0,1.0,5.0,0.0,23.0,2800
