,Unnamed: 0,src_ip,subnet,active_days,asn,country,city,scan_length_seconds,median_time_diff,distinct_src_ports,distinct_dest_ports,q1_prev_ip,median_prev_ip,q3_prev_ip,distinct_ips,total_hits,probes_per_ip,distinct_fingerprints,distinct_payloads,avg_payload_length,q1q3_delta,top_port,top_fingerprint,generation_algorithm,top_start_hour,top_end_hour,label
668670,668707,2769697247.0,2769697024.0,2,14061.0,SG,Singapore,17552.5,2000.0,45.0,14.0,-21944.5,0.0,12881.5,18.0,188.0,10.321981424148609,1.0,1.0,0.0,-9063.0,443.0,11.0,5.0,5.0,13.0,69563
676376,676413,2806502992.0,2806502912.0,2,14061.0,SG,Singapore,14519.5,0.0,1.0,1.0,-20748.0,13.0,24059.0,55886.0,55886.0,1.0,2.0,1.0,0.0,3311.0,80.0,11.0,5.0,13.0,17.0,69563
679193,679230,2813089150.0,2813089024.0,2,14061.0,SG,Singapore,20564.5,3000.0,119.5,12.0,-753.0,0.0,376.5,14.5,584.0,29.163690476190474,1.0,1.0,0.0,-376.5,443.0,11.0,5.0,5.0,15.0,69563
