,Unnamed: 0,src_ip,subnet,active_days,asn,country,city,scan_length_seconds,median_time_diff,distinct_src_ports,distinct_dest_ports,q1_prev_ip,median_prev_ip,q3_prev_ip,distinct_ips,total_hits,probes_per_ip,distinct_fingerprints,distinct_payloads,avg_payload_length,q1q3_delta,top_port,top_fingerprint,generation_algorithm,top_start_hour,top_end_hour,label
874512,874557,3638218312.0,3638218240.0,20,6939.0,US,Cazadero,66594.05,0.0,10600.55,44.0,-17978054.25,19.875,17978094.75,11995.25,14131.2,1.1666799101068372,1.0,1.35,0.9265476758598636,40.5,80.0,1.0,5.0,1.0,19.0,581
874518,874563,3638218318.0,3638218240.0,20,6939.0,US,Cazadero,66266.55,0.0,10410.55,42.6,-17977532.15,-2.45,17977933.2,11742.0,13014.4,1.1074231356691775,1.0,1.5,1.1902812190925405,401.05,80.0,1.0,5.0,1.0,19.0,581
874527,874572,3638218327.0,3638218240.0,20,6939.0,US,Cazadero,67208.7,0.0,10617.45,43.35,-17977714.85,44.4,17978173.5,12029.5,13379.35,1.1103802699377714,1.0,1.2,0.4649477154384689,458.65,636.0,1.0,5.0,1.0,19.0,581
874528,874573,3638218328.0,3638218240.0,20,6939.0,US,Cazadero,66552.45,0.0,10579.1,43.6,-16187270.2,162.175,17082715.85,11958.55,13299.55,1.110389972985618,1.0,1.35,0.7643694084587812,895445.65,789.0,1.0,5.0,1.0,19.0,581
874532,874577,3638218332.0,3638218240.0,20,6939.0,US,Cazadero,66491.95,0.0,10612.4,43.65,-17080848.95,44.975,17082092.9,12055.2,13406.65,1.109269063969315,1.0,1.3,0.6339589034209758,1243.95,80.0,1.0,5.0,1.0,19.0,581
874535,874580,3638218335.0,3638218240.0,20,6939.0,US,Cazadero,66506.45,0.0,10468.45,42.6,-17978438.5,73.875,16187093.45,11811.2,13105.1,1.1083528632977546,1.0,1.45,1.238184590310728,-1791345.05,80.0,1.0,5.0,1.0,19.0,581
874539,874584,3638218339.0,3638218240.0,20,6939.0,US,Cazadero,65873.8,0.0,10632.85,43.75,-17082767.55,84.575,17977216.1,12072.75,13434.2,1.1102304751271377,1.0,1.3,0.7694801794192655,894448.55,80.0,1.0,5.0,1.0,19.0,581
874544,874589,3638218344.0,3638218240.0,20,6939.0,US,Cazadero,66180.45,0.0,10595.7,44.05,-17081054.0,55.5,17082233.8,12032.75,14240.05,1.1673963325110002,1.0,1.3,0.7858241732294695,1179.8,80.0,1.0,5.0,1.0,19.0,581
874547,874592,3638218347.0,3638218240.0,20,6939.0,US,Cazadero,65595.65,0.0,10570.55,43.1,-17977566.2,23.95,17977540.45,11975.7,13280.6,1.1079429954455249,1.0,1.35,1.0613983921815229,-25.75,80.0,1.0,5.0,1.0,19.0,581
