,Unnamed: 0,src_ip,subnet,active_days,asn,country,city,scan_length_seconds,median_time_diff,distinct_src_ports,distinct_dest_ports,q1_prev_ip,median_prev_ip,q3_prev_ip,distinct_ips,total_hits,probes_per_ip,distinct_fingerprints,distinct_payloads,avg_payload_length,q1q3_delta,top_port,top_fingerprint,generation_algorithm,top_start_hour,top_end_hour,label
820046,820089,3257989731.0,3257989632.0,18,216078.0,US,Reston,84401.55555555556,1333.3333333333333,2.555555555555556,16.944444444444443,-15107.833333333334,-28.08333333333333,15107.5,26700.166666666668,47492.05555555556,1.7447181906680584,2.111111111111111,1.0,0.0,-0.3333333333333333,1080.0,11.0,5.0,0.0,23.0,5621
820056,820099,3257989767.0,3257989632.0,18,216078.0,US,Reston,81684.94444444444,7055.555555555556,2.555555555555556,16.166666666666668,-15160.0,-59.86111111111112,15132.722222222224,13502.277777777776,22589.222222222223,1.3800471090580864,1.3333333333333333,1.0,0.0,-27.27777777777778,1080.0,11.0,5.0,0.0,23.0,5621
