,Unnamed: 0,src_ip,subnet,active_days,asn,country,city,scan_length_seconds,median_time_diff,distinct_src_ports,distinct_dest_ports,q1_prev_ip,median_prev_ip,q3_prev_ip,distinct_ips,total_hits,probes_per_ip,distinct_fingerprints,distinct_payloads,avg_payload_length,q1q3_delta,top_port,top_fingerprint,generation_algorithm,top_start_hour,top_end_hour,label
820044,820087,3257989729.0,3257989632.0,18,216078.0,US,Reston,84391.77777777778,4833.333333333333,2.555555555555556,16.944444444444443,-15103.722222222224,33.166666666666664,15101.277777777776,17388.38888888889,30280.11111111111,1.4956550880529544,1.6111111111111112,1.0,0.0,-2.4444444444444446,1080.0,11.0,5.0,0.0,23.0,5621
822248,822291,3275810285.0,3275810048.0,18,211250.0,UA,Odesa,82274.33333333333,212638.88888888888,2.6666666666666665,1.0,-9131.888888888889,-1.2777777777777777,9407.722222222224,277.55555555555554,302.8333333333333,1.0589780817212555,1.0,1.0,0.0,275.8333333333333,1433.0,11.0,5.0,0.0,23.0,5621
