,Unnamed: 0,src_ip,subnet,active_days,asn,country,city,scan_length_seconds,median_time_diff,distinct_src_ports,distinct_dest_ports,q1_prev_ip,median_prev_ip,q3_prev_ip,distinct_ips,total_hits,probes_per_ip,distinct_fingerprints,distinct_payloads,avg_payload_length,q1q3_delta,top_port,top_fingerprint,generation_algorithm,top_start_hour,top_end_hour,label
280244,280259,1532819258.0,1532819200.0,7,394711.0,BG,,27358.714285714286,857.1428571428571,13246.714285714286,1.0,-15413735.0,-42.285714285714285,15414199.714285716,24910.714285714286,25395.14285714286,1.0246063599284618,1.0,1.0,0.0,464.7142857142857,80.0,1.0,5.0,0.0,23.0,202
280297,280312,1532821064.0,1532820992.0,9,394711.0,BG,,36579.444444444445,0.0,15292.222222222224,2.2222222222222223,-13984451.0,804.4444444444445,15978595.222222222,29366.33333333333,38639.11111111111,1.1745133015980538,1.1111111111111112,1.0,0.0,1994144.2222222225,22.0,1.0,5.0,0.0,21.0,202
297411,297427,1587298822.0,1587298816.0,1,394711.0,BG,,24337.0,1000.0,12531.0,4.0,-17986168.0,0.0,17984214.0,16111.0,16688.0,1.0358140400968283,1.0,1.0,0.0,-1954.0,88.0,1.0,5.0,12.0,19.0,202
297520,297536,1587300304.0,1587300096.0,1,394711.0,BG,,11534.0,0.0,15189.0,1.0,-17979238.0,-241.5,17979918.0,21729.0,21731.0,1.0000920428919875,1.0,1.0,0.0,680.0,80.0,1.0,5.0,12.0,15.0,202
