,Unnamed: 0,src_ip,subnet,active_days,asn,country,city,scan_length_seconds,median_time_diff,distinct_src_ports,distinct_dest_ports,q1_prev_ip,median_prev_ip,q3_prev_ip,distinct_ips,total_hits,probes_per_ip,distinct_fingerprints,distinct_payloads,avg_payload_length,q1q3_delta,top_port,top_fingerprint,generation_algorithm,top_start_hour,top_end_hour,label
222223,222231,1093735549.0,1093735424.0,20,6939.0,US,,66381.05,0.0,10331.0,42.2,-17977720.8,33.075,17082771.75,11655.9,12922.5,1.1071328439459664,1.0,1.25,0.6892277397654333,-894949.05,80.0,1.0,5.0,1.0,19.0,591
222224,222232,1093735550.0,1093735424.0,20,6939.0,US,,66268.4,0.0,10056.65,41.6,-17978044.0,35.4,17081625.35,11283.65,12456.6,1.1028856535736602,1.0,1.25,0.6351743710542846,-896418.65,636.0,1.0,5.0,1.0,19.0,591
