,Unnamed: 0,src_ip,subnet,active_days,asn,country,city,scan_length_seconds,median_time_diff,distinct_src_ports,distinct_dest_ports,q1_prev_ip,median_prev_ip,q3_prev_ip,distinct_ips,total_hits,probes_per_ip,distinct_fingerprints,distinct_payloads,avg_payload_length,q1q3_delta,top_port,top_fingerprint,generation_algorithm,top_start_hour,top_end_hour,label
722637,722679,2987890121.0,2987889920.0,19,50928.0,RU,,62839.63157894737,129736.84210526316,10.842105263157896,1.0,-951239.4736842106,0.0,3469.894736842105,10.736842105263158,21.26315789473684,1.9886715193990736,1.0,1.0,0.0,-947769.5789473684,21.0,11.0,5.0,0.0,23.0,45423
773411,773454,3104966183.0,3104966144.0,20,61121.0,RU,Odintsovo,66155.6,3050.0,27.25,2.0,0.0,0.0,0.0,13.8,121.55,8.529950611823676,1.0,1.0,0.0,0.0,22.0,11.0,4.0,0.0,23.0,45423
819642,819685,3256518528.0,3256518400.0,18,57523.0,RU,,67010.0,0.0,1.6666666666666667,59.388888888888886,-27658.555555555555,-0.4444444444444444,27912.277777777777,57529.38888888889,838023.7222222222,13.621852871525622,2.833333333333333,1.0,0.0,253.72222222222223,789.0,11.0,5.0,0.0,23.0,45423
819643,819686,3256518529.0,3256518400.0,18,57523.0,RU,,71336.5,0.0,1.6666666666666667,48.72222222222222,-25112.88888888889,3.555555555555556,25338.61111111111,57676.444444444445,835178.3888888889,13.597973074369984,2.888888888888889,1.0,0.0,225.72222222222223,80.0,11.0,5.0,0.0,23.0,45423
819644,819687,3256518532.0,3256518400.0,18,57523.0,RU,,73745.55555555556,0.0,1.7222222222222223,78.77777777777777,-26441.0,1.3888888888888888,26358.166666666668,58746.88888888889,817640.1666666666,13.31948738190293,2.888888888888889,1.0,0.0,-82.83333333333333,1036.0,11.0,5.0,0.0,23.0,45423
821778,821821,3271710182.0,3271709952.0,19,48282.0,RU,Moscow,65370.15789473684,2000.0,5.157894736842105,1.0,0.0,0.0,0.0,1.0,15.473684210526317,15.473684210526317,1.0,1.0,0.0,0.0,3128.0,11.0,4.0,3.0,22.0,45423
822548,822591,3279978032.0,3279977984.0,20,47196.0,RU,,66358.95,2200.0,30.8,2.0,0.0,0.0,0.0,15.45,127.75,8.098617123617123,1.0,1.0,0.0,0.0,22.0,11.0,4.0,0.0,23.0,45423
