,Unnamed: 0,src_ip,subnet,active_days,asn,country,city,scan_length_seconds,median_time_diff,distinct_src_ports,distinct_dest_ports,q1_prev_ip,median_prev_ip,q3_prev_ip,distinct_ips,total_hits,probes_per_ip,distinct_fingerprints,distinct_payloads,avg_payload_length,q1q3_delta,top_port,top_fingerprint,generation_algorithm,top_start_hour,top_end_hour,label
778878,778921,3115618056.0,3115618048.0,12,211680.0,PT,,52217.25,0.0,15405.5,28.0,-7520822.833333333,4.916666666666667,9012309.25,19424.666666666668,22716.33333333333,1.1413579186907914,1.5,1.0,0.0,1491486.4166666667,443.0,11.0,5.0,0.0,23.0,250
779001,779044,3115618237.0,3115618048.0,14,211680.0,PT,,61634.5,71.42857142857143,14775.214285714286,4.642857142857143,-11567882.785714284,-20.535714285714285,10288361.785714284,19148.785714285717,27594.0,1.2770727423791235,1.6428571428571428,1.0,0.0,-1279521.0,443.0,11.0,5.0,0.0,23.0,250
